index,session,burst,frequency_hz,timestamp_ms,timing_count,duration_us,rssi_dbm,truncated,first_level,decode_guess,timings_us
1,6,55,433050000,,92,419834,,0,1,"Possible PWM/PPM framing, but confidence is low. Candidate bits: 0????0?0?0?0?0???0???1?1?1?11?1?0?0??0?0?0???0",326 9732 68 28 170 9676 320 9650 326 9710 320 9750 262 9630 366 9782 228 9674 296 9844 162 9638 302 9742 298 9682 292 9734 326 9634 300 9688 334 9654 300 9804 160 68 9694 296 9680 264 9842 228 9676 294 9820 226 9728 264 9876 30 9724 196 9810 288 9786 256 9620 294 9764 30 302 9600 306 9840 230 9662 294 9774 260 220 30 9386 260 9866 264 9688 294 9854 62 9704 298 9786 262 9658 130 34 242 66 70 19430
2,6,56,433050000,,417,1242064,,0,1,"Possible PWM/PPM framing, but confidence is low. Candidate bits: ????????????????????????????????????????????????????????????????",372 9622 356 9680 296 9664 326 9694 336 9686 316 9726 268 32 9674 300 202 68 9372 366 9630 386 9610 336 9640 356 9612 322 30 9674 324 9738 268 9672 364 9636 358 9642 352 9674 326 9620 402 9580 328 9706 326 9696 328 9654 332 9626 408 9614 328 9626 360 9682 330 9646 336 9688 326 9666 326 9638 372 9620 338 9702 360 9672 326 9632 306 9694 338 9656 362 9646 328 9668 332 9630 356 9662 294 9690 336 9658 370 9672 298 9632 352 9646 422 9564 358 9644 354 9632 368 9618 368 9658 328 9690 326 9658 360 9628 366 310 46 9252 406 9604 368 9650 356 9614 400 9614 348 9656 326 9636 364 32 9616 370 9636 364 9620 366 9638 372 9648 366 9636 372 9556 390 9636 372 9616 358 9644 390 202 32 9396 324 9698 330 9632 370 9640 334 208 70 9360 398 9578 390 9612 396 194 64 192 62 30 162 64 66 98 98 98 1206 7218 400 166 62 130 64 390 68 92 96 8596 358 9672 298 9680 334 9644 358 9644 354 9624 348 9630 370 9720 266 9604 30 364 9638 388 9624 348 9638 332 9672 360 9676 300 9668 366 9580 388 9632 354 9678 304 9670 328 9672 290 9702 364 9650 338 9626 360 9634 394 9622 336 340 10 34 9286 322 9632 366 9672 340 9642 328 9682 362 9626 356 9648 374 9592 354 4028 478 370 394 390 392 432 380 378 398 414 380 434 348 432 384 404 378 434 384 418 358 432 386 5218 768 422 796 420 368 812 774 412 772 444 354 806 784 408 792 420 358 868 758 422 774 420 770 406 376 816 802 418 764 410 398 816 368 810 370 840 370 848 764 402 762 444 776 426 754 418 384 808 780 420 386 830 348 844 776 424 376 828 758 426 378 796 392 814 384 788 380 868 754 414 782 418 346 850 342 822 378 870 334 826 762 476 340 850 346 822 780 424 334 846 402 818 336 838 370 812 380 852 360 814 374 840 750 426 380 800 782 424 784 440 342 816 796 412 796 400 784 446 758 426 762 442 752 420 762 412 412 810 780 442 344 25642
3,6,57,433050000,,156,118094,,0,1,"Sync/pulse-width frame detected. Sync 5222 us, symbols ~398/797 us, 65 bits. Bits: 11011011011101100001111010010100001100001001000000010110111111101 Hex: DB761E94309016FE (confidence 100%)",460 350 432 356 436 380 408 386 416 388 406 386 414 388 412 414 360 438 356 416 398 418 356 5222 760 450 766 402 412 778 794 408 802 420 366 824 786 376 802 402 414 804 758 424 796 414 760 428 364 816 768 460 750 442 382 822 356 826 378 794 416 804 762 426 794 440 752 384 818 390 384 816 766 434 380 802 374 834 770 412 414 788 752 460 346 852 338 858 358 822 376 810 768 438 772 436 346 820 382 820 380 812 376 846 748 412 378 808 384 838 740 446 352 874 342 850 366 782 382 820 388 794 410 822 376 816 788 416 364 798 794 408 804 406 354 810 814 408 778 412 784 408 780 416 768 446 782 382 792 406 406 812 756 472 336 25638
4,6,58,433050000,,156,168398,,0,1,"Sync/pulse-width frame detected. Sync 5234 us, symbols ~398/797 us, 65 bits. Bits: 11011011011101100001111010010100001100001001000000010110111111101 Hex: DB761E94309016FE (confidence 100%)",422 406 402 380 406 402 394 400 418 418 370 384 418 398 374 422 422 364 392 426 354 430 388 5234 762 418 768 406 402 818 752 442 780 430 338 840 796 400 790 382 386 834 784 440 746 414 792 376 428 790 794 380 812 446 320 834 376 820 366 818 382 826 776 458 722 460 768 406 780 406 354 852 788 408 374 818 410 780 796 424 416 772 778 420 382 828 372 818 364 808 404 810 784 400 784 428 378 798 392 800 378 832 362 846 764 442 362 806 382 818 776 388 430 814 360 822 380 826 378 820 380 794 384 816 376 838 752 430 364 814 802 404 780 412 396 822 774 416 784 384 824 390 758 436 752 458 764 410 770 444 352 828 770 440 350 75916
5,6,59,433050000,,154,699426,,0,1,Candidate short/long decode found. Bits: 0000000000000000000000?111111?11111111????11111111?1110000000000 Hex: 000001FBFC3FDC00 (confidence 89%),328 9674 384 9642 354 9614 374 9664 296 9654 384 9632 368 9626 328 9658 360 9646 376 9624 374 9580 354 9676 354 9630 388 9620 368 9640 340 9680 324 9634 376 9644 334 9638 406 9582 364 9644 366 9608 370 32 9604 360 9630 384 9608 402 9602 406 9600 386 9598 386 192 64 9346 402 9604 408 9566 398 9618 378 9624 378 9636 370 9580 390 9638 388 190 64 128 96 64 64 848 30 8126 356 9610 374 9630 400 9614 354 9624 408 9598 376 9618 350 9658 374 202 32 9376 348 9642 338 9650 32 398 9592 364 9654 328 9640 392 9640 352 9616 368 9678 302 9640 362 9626 400 9622 356 9634 352 9628 372 9618 354 9660 348 9648 352 9644 360 9666 290 9684 392 9608 304 9632 392 9634 374 9672 326 4200 460 14660
6,6,60,433050000,,123,103098,,0,1,"Possible PWM/PPM framing, but confidence is low. Candidate bits: ?????????????????????????????????????????????????????????????",64 696 98 2366 10 28 7480 98 1022 100 814 436 632 226 934 370 128 134 548 676 454 344 910 290 910 332 816 362 814 758 450 748 458 744 472 720 482 342 816 772 448 314 886 332 846 752 448 370 816 794 388 352 832 414 778 412 802 364 812 804 404 788 424 352 844 378 810 356 838 376 808 766 428 412 804 362 832 784 410 370 820 364 814 404 808 362 850 372 818 368 810 366 816 786 448 358 842 770 420 748 406 368 844 802 398 762 428 798 400 780 406 804 422 760 416 776 438 352 842 756 410 414 25608
7,6,61,433050000,,156,118168,,0,1,"Sync/pulse-width frame detected. Sync 5206 us, symbols ~399/797 us, 65 bits. Bits: 11011011011101100001111010010100001100001001000000010110111111101 Hex: DB761E94309016FE (confidence 100%)",442 394 368 446 356 416 354 470 360 402 392 440 394 380 368 442 356 442 362 434 388 378 400 5206 820 378 788 396 416 798 778 414 786 416 376 834 740 468 746 412 410 802 780 386 820 386 776 418 428 806 768 400 784 418 362 834 382 814 352 832 382 834 778 402 794 418 756 420 768 436 386 798 798 408 382 818 380 830 736 476 340 820 786 422 350 838 380 810 410 796 382 826 780 404 776 408 420 798 354 832 378 810 390 798 778 406 410 810 378 832 770 412 420 792 346 822 386 810 406 810 360 832 382 802 382 816 786 402 386 848 764 416 758 416 378 822 796 396 786 406 772 462 766 398 788 404 788 424 748 416 402 820 774 430 382 25650
8,6,62,433050000,,156,178234,,0,1,"Sync/pulse-width frame detected. Sync 5224 us, symbols ~399/795 us, 65 bits. Bits: 11011011011101100001111010010100001100001001000000010110111111101 Hex: DB761E94309016FE (confidence 100%)",416 420 374 392 398 398 364 428 400 422 372 448 338 442 366 436 356 418 394 408 378 414 394 5224 748 408 782 446 380 786 794 420 772 402 376 828 772 438 784 414 374 800 808 386 792 416 788 390 420 832 742 418 770 408 402 814 376 838 346 818 384 840 770 414 784 408 776 422 764 442 368 816 770 410 386 814 382 814 782 414 414 786 772 422 378 824 382 816 374 834 360 830 762 416 800 388 386 830 390 824 388 816 362 826 794 390 382 810 400 818 758 444 416 766 382 830 346 834 378 836 344 840 354 820 386 818 782 414 416 778 746 488 722 442 372 826 768 412 770 416 806 410 762 422 802 416 778 416 770 440 380 820 728 440 386 85732
9,6,63,433050000,,162,688778,,0,1,Candidate short/long decode found. Bits: 000000?0000?000000????00000000?111111111111111100000000000??0000 Hex: 00000001FFFE0000 (confidence 86%),328 9628 368 9636 326 9678 328 9612 394 9646 330 9624 324 224 30 9442 420 9602 338 9670 326 9660 342 206 34 9414 326 9660 362 9584 336 9674 360 9710 324 9638 340 174 64 280 32 140 64 96 34 8772 330 9616 394 9636 332 9692 334 9644 328 9664 328 9688 364 9634 330 30 9644 328 9672 268 9768 302 9612 390 9600 388 9598 406 9570 360 9690 362 9610 396 9650 334 9632 372 9676 326 9638 386 9602 304 9674 366 9580 32 372 9654 362 9662 332 9614 390 9616 372 9630 332 9668 334 9640 368 9618 388 9614 354 9662 366 9596 364 188 64 278 30 9118 336 9670 328 9664 362 9602 416 9610 328 9682 360 9606 382 9596 370 218 28 9364 392 9622 358 9664 424 9576 356 9624 360 9658 376 9604 358 230 132 230 36 8994 358 2718 422 15598
10,6,64,433050000,,131,102168,,0,1,"Sync/pulse-width frame detected. Sync 3180 us, symbols ~398/795 us, 59 bits. Bits: 01011101100001111010010100001100001001000000001110111111110 Hex: 5D87A50C2403BF (confidence 100%)",66 36 3180 34 674 534 226 898 64 242 400 538 682 484 306 880 718 480 746 408 30 738 482 316 856 734 466 740 446 342 880 320 866 344 850 352 810 774 442 742 442 768 432 754 460 344 826 780 434 378 804 394 798 778 410 376 836 754 416 380 818 388 810 378 818 354 834 806 418 752 414 386 814 386 794 410 802 382 816 806 422 370 782 378 832 790 420 354 832 376 816 380 816 380 792 394 824 372 800 396 796 406 776 828 398 782 390 794 438 358 826 778 414 770 440 770 424 758 408 790 394 826 378 794 394 794 414 402 788 424 25614
11,6,65,433050000,,157,118172,,0,1,"Sync/pulse-width frame detected. Sync 5214 us, symbols ~399/796 us, 65 bits. Bits: 11011011011101100001111010010100001100001001000000001110111111110 Hex: DB761E9430900EFF (confidence 100%)",416 414 350 474 364 412 368 440 374 444 328 466 324 440 356 472 334 448 334 432 382 444 368 5214 802 400 776 404 410 808 772 412 786 424 350 828 776 404 778 416 380 844 780 422 752 438 774 420 348 856 776 434 752 414 376 814 380 818 390 814 378 808 780 426 790 418 742 416 798 442 346 820 794 408 356 832 376 832 768 404 420 812 768 412 372 820 384 816 382 802 32 358 826 768 400 794 418 372 814 384 834 376 802 382 804 780 412 416 786 400 816 760 410 400 816 350 850 388 812 382 820 386 800 378 824 378 794 416 812 766 426 774 418 762 442 378 808 770 428 790 416 776 390 782 444 772 416 788 406 760 460 750 408 376 828 362 25678
12,6,66,433050000,,157,169724,,0,1,"Sync/pulse-width frame detected. Sync 5206 us, symbols ~398/797 us, 65 bits. Bits: 11011011011101100001111010010100001100001001000000001110111111110 Hex: DB761E9430900EFF (confidence 100%)",416 416 394 388 412 364 398 396 404 416 380 412 394 412 396 386 422 408 354 414 356 440 386 5206 786 426 782 408 380 800 802 408 772 410 382 830 754 442 780 444 374 802 778 386 776 436 800 410 428 772 754 414 798 408 390 802 376 830 364 854 348 824 776 436 754 446 742 428 754 440 374 812 776 412 382 850 350 802 816 412 352 848 752 442 378 810 402 818 354 830 370 832 772 408 800 410 416 760 374 842 360 830 354 826 782 410 392 830 370 800 784 414 416 784 378 840 380 780 382 830 380 824 374 818 366 812 398 818 762 406 776 430 792 392 402 814 786 408 748 418 804 408 34 780 398 784 424 770 404 786 406 780 430 360 850 376 77232
13,6,67,433050000,,232,1055190,,0,1,Candidate short/long decode found. Bits: 00000000000?0000000?00000?0000000000000?00000?00?111000000000000 Hex: 0000000000007000 (confidence 91%),332 9608 392 9650 364 9624 366 9648 352 9612 368 9632 386 9642 360 9574 404 9644 378 9616 372 9624 368 238 34 9382 366 9644 326 9614 364 9618 414 9690 298 9610 360 9652 354 192 30 9394 396 9624 374 9650 332 9642 412 9612 328 192 32 9462 334 9634 336 9628 328 9692 360 9622 322 9688 412 9540 404 9634 334 9714 292 9650 372 9622 370 9622 364 9646 406 168 66 9350 340 9658 354 9646 328 9642 390 9634 362 194 30 9432 338 9628 354 314 9340 360 9632 368 9636 296 30 9664 364 9630 350 9612 394 9616 360 9670 328 9680 372 9584 330 9762 302 9560 364 9738 296 9662 328 9622 416 9614 344 9692 330 9640 368 9616 368 9604 328 32 9614 366 230 32 9424 340 9636 326 9670 376 9602 356 9704 330 9636 334 9618 398 9580 422 9610 336 9684 360 9572 414 9626 380 9628 342 9640 354 9684 362 9668 298 9620 366 9606 358 9704 328 9658 334 9626 390 9622 398 9638 334 9610 332 9692 370 9622 338 9660 360 9592 398 9606 368 9646 338 9670 356 9634 370 9634 368 9622 354 9656 388 196 64 9338 366 9654 342 9608 330 32 9644 362 9680 324 200 140 374 452 14058
14,6,68,433050000,,135,103702,,0,1,"Possible PWM/PPM framing, but confidence is low. Candidate bits: ????????????????????????????????????????????????????????????????",386 64 230 480 710 612 34 158 902 736 444 712 478 318 884 736 438 754 472 356 834 736 442 746 470 716 452 342 880 716 452 738 446 364 852 350 830 376 848 354 836 750 408 820 378 782 438 746 440 372 834 778 380 402 814 368 856 768 410 378 832 758 416 384 812 388 806 376 838 360 836 762 412 812 396 362 844 376 818 366 816 402 788 774 448 348 836 378 802 768 440 388 800 382 816 378 816 402 798 380 804 404 802 380 802 412 804 786 390 802 410 786 424 380 794 794 394 806 412 782 386 826 378 808 410 750 444 762 428 760 448 364 824 384 25642
15,6,69,433050000,,156,118112,,0,1,"Sync/pulse-width frame detected. Sync 5214 us, symbols ~398/798 us, 65 bits. Bits: 11011011011101100001111010010100001100001001000000001110111111110 Hex: DB761E9430900EFF (confidence 100%)",444 370 400 400 402 414 368 408 422 372 404 398 398 410 374 416 422 390 358 440 348 440 384 5214 784 396 784 422 374 814 786 416 782 418 380 814 790 426 764 410 378 836 784 380 792 408 798 396 416 806 774 402 786 418 372 816 382 802 410 802 376 830 792 382 800 390 802 384 820 384 374 838 796 396 416 770 388 800 792 452 354 820 782 414 388 804 376 814 384 800 410 800 780 416 790 380 418 786 402 818 382 802 408 800 770 412 378 822 396 784 800 412 374 834 378 796 386 812 370 840 402 784 374 844 362 820 384 784 804 424 786 418 748 418 374 816 802 402 786 416 776 404 818 410 744 434 766 408 796 444 734 416 410 826 374 25616
16,6,70,433050000,,156,171896,,0,1,"Sync/pulse-width frame detected. Sync 5206 us, symbols ~397/799 us, 65 bits. Bits: 11011011011101100001111010010100001100001001000000001110111111110 Hex: DB761E9430900EFF (confidence 100%)",454 380 386 386 414 388 448 348 410 420 388 390 410 388 416 384 412 388 410 416 380 422 378 5206 760 410 798 404 392 826 778 434 782 410 382 784 790 414 800 396 404 812 786 408 784 376 806 428 376 826 756 424 776 418 372 814 382 808 404 800 378 840 780 410 768 410 786 414 780 418 380 814 774 418 376 812 404 814 790 410 420 754 800 436 370 786 406 810 362 826 378 834 758 420 772 446 346 852 334 838 370 834 356 828 770 440 354 826 380 816 796 412 364 824 372 838 360 814 404 806 362 812 374 842 362 834 384 804 778 406 780 406 796 422 366 808 802 404 780 414 766 422 798 408 794 406 790 416 768 418 782 416 388 792 382 79384
17,6,71,433050000,,150,710548,,0,1,Candidate short/long decode found. Bits: 00000000?00000000000000000000?0000000000000000000?00000000000000 Hex: 0000000000000000 (confidence 95%),196 9634 358 9640 394 9654 326 9636 336 9642 356 9622 362 9632 402 9594 352 320 16 9346 334 9642 368 9664 330 9646 366 9576 372 9662 386 9596 418 9600 400 9580 360 9654 362 9654 336 9648 362 9618 356 9644 330 9664 316 9654 394 9628 362 9650 394 9572 386 9628 358 196 30 9432 352 9632 366 9644 330 9644 344 9628 354 9666 390 9640 328 9668 338 9658 336 9666 330 9680 324 9616 380 9686 330 9634 328 9694 356 9588 370 9628 322 9708 360 9620 360 194 30 9420 328 9670 320 9626 372 9604 352 9692 324 9650 316 9712 362 9652 328 9654 364 9658 330 9616 362 9692 332 9572 398 9662 328 9646 354 9634 396 9630 372 200 30 9374 328 9726 324 9618 358 9640 364 9634 338 6118 458 14042
18,6,72,433050000,,132,103696,,0,1,"Consensus pulse-width frame detected (x15). symbols ~397/797 us, 65 bits. Bits: 11011011011101100001111010010100001100001001000000010110111111101 Hex: DB761E94309016FE (confidence 100%)",736 432 708 544 262 876 742 442 746 474 322 866 714 468 776 408 426 796 724 452 784 444 724 446 348 854 738 466 716 482 330 864 334 846 364 808 372 842 764 424 812 388 782 406 780 408 410 804 778 412 380 836 360 796 796 408 376 848 760 416 360 850 382 812 352 846 376 804 786 388 798 412 400 816 382 812 350 838 374 804 788 428 380 798 394 812 784 416 386 812 384 810 380 810 384 810 380 810 382 810 382 810 790 414 386 800 784 412 812 384 406 802 808 382 804 382 814 380 800 414 792 384 792 412 788 422 380 798 790 422 380 25650
19,6,73,433050000,,158,118116,,0,1,"Sync/pulse-width frame detected. Sync 5214 us, symbols ~399/795 us, 65 bits. Bits: 11011011011101100001111010010100001100001001000000010110111111101 Hex: DB761E94309016FE (confidence 100%)",420 426 378 386 34 336 450 356 416 384 416 384 418 382 416 382 412 408 374 406 426 334 432 392 5214 780 408 30 752 412 372 840 810 354 804 414 356 828 804 412 762 408 406 810 762 430 794 414 764 392 404 810 800 394 784 404 384 826 380 802 412 780 386 804 808 412 780 382 814 414 756 406 426 786 794 406 386 798 412 802 772 436 354 822 804 412 358 802 408 790 390 826 374 820 788 408 772 420 396 790 410 786 396 824 370 796 778 416 416 784 382 804 796 408 398 796 378 834 380 820 378 796 388 800 390 830 380 818 790 408 372 810 768 440 756 448 346 820 774 460 738 442 762 436 772 412 766 416 780 414 798 408 370 844 766 412 376 25666
20,6,74,433050000,,156,166318,,0,1,"Sync/pulse-width frame detected. Sync 5206 us, symbols ~399/796 us, 65 bits. Bits: 11011011011101100001111010010100001100001001000000010110111111101 Hex: DB761E94309016FE (confidence 100%)",392 420 374 404 404 400 400 396 398 398 400 392 436 358 436 388 416 362 398 392 438 378 414 5206 754 436 804 376 414 802 786 394 796 404 382 834 786 386 786 418 390 808 788 412 752 454 746 438 348 830 770 440 744 452 378 810 384 834 346 814 370 856 768 416 774 440 746 444 754 416 388 834 780 414 358 830 374 814 790 412 370 832 764 410 378 842 352 812 418 782 384 834 774 416 778 414 420 762 390 816 384 818 354 834 794 408 370 820 384 818 774 426 428 750 390 836 356 814 412 786 366 818 404 784 408 808 790 398 420 792 760 430 798 408 368 820 776 418 782 382 810 412 784 384 804 418 770 414 802 412 370 816 794 410 378 73832
21,6,75,433050000,,136,661182,,0,1,"Possible PWM/PPM framing, but confidence is low. Candidate bits: ????????????????????????????????????????????????????????????????",300 9708 344 9652 356 9634 370 9620 320 9692 340 9642 292 9702 358 9610 420 9612 382 9626 362 9622 376 9632 356 9654 330 9638 370 9628 356 9634 354 9616 376 9642 344 9650 368 9636 354 9636 358 9636 370 9662 378 9602 414 9538 390 9604 370 9656 400 9592 368 9646 330 192 30 9440 366 9634 412 9598 336 9614 382 9618 370 9646 334 9644 388 9602 338 9668 370 9664 324 9646 374 9622 366 9638 364 9632 330 9652 326 9674 362 220 30 9360 348 9648 372 9664 338 9668 328 9648 372 9600 372 9666 322 9634 358 9654 340 9634 374 9670 326 9656 352 9654 336 200 64 9350 422 9614 328 9662 416 9566 370 9652 322 3150 456 27482
22,6,76,433050000,,100,90358,,0,1,"Consensus pulse-width frame detected (x15). Sync 8612 us, symbols ~375/811 us, 42 bits. Bits: 110010100001100001001000000001110111111110 Hex: CA1848077F (confidence 100%)",68 972 164 1032 64 8612 134 2072 228 96 32 698 286 990 134 100 360 500 284 924 306 882 678 482 346 848 760 466 306 896 330 878 296 878 334 828 784 442 732 470 356 838 346 818 362 816 410 812 764 442 366 818 374 804 788 396 404 816 364 816 378 830 376 828 428 760 382 796 406 796 378 830 776 404 804 378 814 404 376 802 816 410 784 382 814 378 808 386 808 410 768 412 808 382 814 410 416 754 382 25668
23,6,77,433050000,,156,118126,,0,1,"Sync/pulse-width frame detected. Sync 5254 us, symbols ~399/796 us, 65 bits. Bits: 11011011011101100001111010010100001100001001000000001110111111110 Hex: DB761E9430900EFF (confidence 100%)",424 358 452 350 412 386 416 416 416 384 378 414 378 416 376 420 428 368 382 450 346 416 344 5254 784 410 772 444 336 838 804 398 796 416 370 796 788 434 754 430 362 814 806 436 752 404 780 430 362 814 806 402 786 416 388 804 380 818 364 828 380 796 804 436 760 408 778 428 758 440 370 792 786 452 358 806 384 816 774 442 420 758 770 430 376 828 360 830 378 808 414 786 788 416 758 414 428 788 400 786 404 808 368 812 788 412 352 866 378 806 788 422 422 750 384 824 348 852 374 818 356 828 378 812 356 828 416 806 768 410 792 400 774 420 376 836 758 432 794 390 798 400 810 376 806 414 772 414 776 444 748 412 406 810 368 25656
24,6,78,433050000,,157,169304,,0,1,"Sync/pulse-width frame detected. Sync 5284 us, symbols ~396/794 us, 65 bits. Bits: 11011011011101100001111010010100001100001001000000001110111111110 Hex: DB761E9430900EFF (confidence 100%)",428 450 306 474 334 464 330 456 322 464 304 508 360 466 292 528 290 474 270 504 342 476 294 5284 746 444 740 470 330 858 758 434 736 412 408 810 750 450 772 414 386 838 736 452 752 416 772 442 350 834 776 448 766 390 382 848 330 864 364 808 368 828 792 378 814 414 784 394 796 400 394 788 32 778 402 390 816 380 812 786 420 404 788 796 390 382 834 382 802 378 808 380 832 786 386 794 418 392 786 412 802 408 766 412 810 772 408 378 804 416 812 774 412 374 814 404 784 416 790 390 814 376 808 394 798 416 788 384 796 794 414 806 420 784 378 388 814 802 382 820 374 798 426 756 436 794 410 756 408 796 426 760 432 392 790 382 76824
